{"changed": true, "task": {"task_id": 17, "repeat_times": 4, "sim_start_time": 0, "sim_duration": 30, "time_step": 1000, "speed_ratio": 10}, "proxy": {"types": {"ExampleStruct": {"field1": "bool", "field2": "int32", "field3": "uint64", "field4": "float64", "field5": "string"}, "ExamplaNest": {"field1": "bool", "field2": "string[]", "field3": "ExampleStruct", "field4": "ExampleStruct[]"}}, "data": {"example_uav": {"id": "7a06fc01-ca09-4d1a-95e8-63ebacc859ef", "inputs": {"azimuth": {"type": "float64", "value": 100.0}, "example_struct": "ExampleStruct", "example_array": "float64[]", "example_combine": "ExampleStruct[]", "example_nest": "ExamplaNest"}, "outputs": {"longitude": "float64", "latitude": "float64", "altitude": "float64", "speed": "float64", "azimuth": "float64"}}, "example_sub": {"id": "0436c1f9-be91-423d-bea8-571fbc9ae2df", "inputs": {}, "outputs": {"longitude": "float64", "latitude": "float64", "altitude": "float64", "speed": "float64", "azimuth": "float64"}}}, "routes": {"localhost:10002": ["example_uav", "example_sub"]}, "simenv_addr": "localhost:10001", "sim_step_ratio": 5, "sim_term_func": "#include <any>\n#include <cmath>\n#include <string>\n#include <unordered_map>\n#include <vector>\n\nusing CSValueMap = std::unordered_map<std::string, std::any>;\n\n/*\n * This function is called in every simulation step with a map of states, where the key is the name of the model and the value is a vector of entities.\n * Each entity in the vector represents a sets of output params, and the key is the name of the param and the value is wrapped in std::any.\n * The function should return `true` if the simulation should be terminated.\n */\nextern \"C\" __declspec(dllexport) bool func(std::unordered_map<std::string, std::vector<CSValueMap>> &states)\n{\n  auto &uav = states[\"example_uav\"][0];\n  auto &sub = states[\"example_sub\"][0];\n  auto uav_lon = std::any_cast<double>(uav[\"longitude\"]);\n  auto uav_lat = std::any_cast<double>(uav[\"latitude\"]);\n  auto sub_lon = std::any_cast<double>(sub[\"longitude\"]);\n  auto sub_lat = std::any_cast<double>(sub[\"latitude\"]);\n  auto dist = std::sqrt(std::pow(uav_lon - sub_lon, 2) + std::pow(uav_lat - sub_lat, 2));\n  return dist <= 0.1;\n}\n"}}